employee_id,name,department,salary,hire_date
1,John Doe,Sales,50000,1/15/2020
2,Jane Smith,Marketing,55000,3/22/2021
3,James Brown,Engineering,70000,7/10/2019
4,Emily Davis,Sales,48000,6/5/2022
5,Michael Wilson,Marketing,60000,11/30/2018
6,Jessica Taylor,Engineering,75000,1/20/2023
7,David Lee,Sales,52000,8/16/2021
8,Sarah Miller,Marketing,58000,2/25/2022
9,Daniel Moore,Engineering,72000,9/13/2019
10,Amy Anderson,Sales,53000,5/5/2021
11,Chris Thomas,Marketing,57000,10/10/2020
12,Patricia Jackson,Engineering,73000,12/1/2018
13,Matthew White,Sales,54000,7/18/2021
14,Linda Harris,Marketing,56000,12/5/2021
15,Robert Martin,Engineering,68000,4/22/2019
16,Barbara Thompson,Sales,49000,7/15/2022
17,William Garcia,Marketing,62000,6/1/2020
18,Elizabeth Martinez,Engineering,74000,3/15/2018
19,Joseph Robinson,Sales,51000,10/11/2021
20,Jessica Clark,Marketing,59000,4/20/2022
21,Kevin Rodriguez,Engineering,71000,11/30/2019
22,Alice Lewis,Sales,55000,2/14/2021
23,Steven Walker,Marketing,60000,1/25/2022
24,Laura Hall,Engineering,73000,9/10/2018
25,Charles Allen,Sales,52000,6/1/2021
26,Daniel Young,Marketing,58000,8/25/2021
27,Deborah King,Engineering,74000,10/20/2018
28,James Wright,Sales,50000,5/20/2022
29,Emily Scott,Marketing,57000,11/15/2021
30,Richard Green,Engineering,75000,5/10/2019
31,Susan Adams,Sales,53000,12/20/2021
32,Frank Nelson,Marketing,59000,3/1/2022
33,Carol Hill,Engineering,71000,6/5/2018
34,Thomas Baker,Sales,54000,9/15/2021
35,Daniel Cooper,Marketing,56000,4/25/2021
36,Joan Carter,Engineering,72000,8/1/2019
37,George Mitchell,Sales,49000,2/10/2022
38,Angela Perez,Marketing,60000,7/1/2022
39,Matthew Roberts,Engineering,73000,12/15/2018
40,Nancy Turner,Sales,51000,3/20/2022
41,Adam Campbell,Marketing,58000,5/1/2021
42,Elizabeth Bailey,Engineering,74000,6/10/2019
43,Edward Parker,Sales,52000,1/10/2022
44,Barbara Young,Marketing,59000,8/15/2022
45,Michael Evans,Engineering,75000,7/20/2018
46,Linda Stewart,Sales,53000,10/25/2021
47,David Morris,Marketing,60000,12/1/2021
48,Jennifer Martinez,Engineering,71000,3/10/2019
49,Richard Hernandez,Sales,54000,9/5/2022
50,Patricia Rogers,Marketing,57000,4/25/2022
51,Robert Bell,Engineering,72000,8/30/2018
52,Susan Wood,Sales,50000,6/20/2022
53,William Scott,Marketing,58000,7/15/2021
54,Jessica Johnson,Engineering,73000,10/15/2019
55,James Hughes,Sales,51000,11/1/2022
56,Emily Carter,Marketing,59000,5/10/2022
57,Michael Martinez,Engineering,74000,11/1/2018
58,Anna Turner,Sales,52000,8/20/2022
59,David White,Marketing,60000,2/5/2022
60,Elizabeth Hall,Engineering,75000,1/15/2019
61,James Green,Sales,53000,10/15/2022
62,Susan Lewis,Marketing,56000,7/15/2022
63,Matthew Wilson,Engineering,71000,4/15/2018
64,Nancy Adams,Sales,49000,12/1/2022
65,John Martinez,Marketing,57000,6/1/2022
66,Emily Smith,Engineering,72000,5/1/2018
67,Michael Brown,Sales,50000,3/5/2022
68,Laura King,Marketing,58000,10/20/2022
69,Richard Lewis,Engineering,73000,2/10/2019
70,Amy Clark,Sales,51000,4/15/2022
71,Patricia Walker,Marketing,59000,9/15/2022
72,Thomas Rodriguez,Engineering,74000,1/15/2018
73,Jessica Carter,Sales,52000,11/15/2022
74,Kevin Green,Marketing,60000,1/20/2022
75,Deborah Young,Engineering,75000,5/15/2019
76,James Brown,Sales,53000,5/25/2022
77,Barbara Roberts,Marketing,58000,12/15/2022
78,Daniel Davis,Engineering,71000,7/5/2018
79,Laura Evans,Sales,49000,2/20/2022
80,Matthew King,Marketing,57000,8/25/2022
81,Emily Clark,Engineering,72000,9/1/2018
82,Michael Young,Sales,50000,6/1/2022
83,Elizabeth Adams,Marketing,58000,10/1/2022
84,James Moore,Engineering,73000,11/5/2019
85,Patricia Thompson,Sales,51000,3/10/2022
86,David Harris,Marketing,59000,5/5/2022
87,Jennifer Baker,Engineering,74000,3/25/2018
88,Barbara Martinez,Sales,52000,9/10/2022
89,Matthew Allen,Marketing,60000,2/20/2022
90,Susan Walker,Engineering,75000,6/1/2019
91,Michael Moore,Sales,53000,7/1/2022
92,Jessica Anderson,Marketing,56000,4/10/2022
93,James Hall,Engineering,71000,12/20/2018
94,Nancy Adams,Sales,49000,1/15/2022
95,Emily Moore,Marketing,57000,11/1/2022
96,Richard Young,Engineering,72000,5/10/2018
97,Deborah Clark,Sales,50000,8/1/2022
98,Laura Davis,Marketing,58000,12/10/2022
99,Matthew Smith,Engineering,73000,4/5/2019
100,Jessica King,Sales,51000,7/10/2022
101,Michael Walker,Marketing,59000,3/25/2022
102,Susan Johnson,Engineering,74000,11/15/2018
103,Barbara Green,Sales,52000,4/5/2022
104,David Moore,Marketing,60000,6/20/2022
105,Jennifer King,Engineering,75000,9/1/2019
106,Matthew Thompson,Sales,53000,12/20/2022
107,Emily Brown,Marketing,58000,5/20/2022
108,James Robinson,Engineering,71000,8/15/2018
109,Laura White,Sales,49000,11/10/2022
110,Michael Scott,Marketing,57000,10/5/2022
111,Nancy Lewis,Engineering,72000,6/1/2018
112,Jessica Martinez,Sales,50000,1/10/2022
113,David King,Marketing,58000,2/15/2022
114,Emily Lewis,Engineering,73000,7/1/2019
115,James Wilson,Sales,51000,4/20/2022
116,Barbara Smith,Marketing,59000,8/10/2022
117,Michael Green,Engineering,74000,10/1/2018
118,Patricia Clark,Sales,52000,5/15/2022
119,Matthew Harris,Marketing,60000,7/5/2022
120,Jessica Davis,Engineering,75000,3/25/2019
121,Nancy Adams,Sales,53000,9/1/2022
122,Emily Roberts,Marketing,56000,6/15/2022
123,James Anderson,Engineering,71000,12/5/2018
124,Michael Martinez,Sales,49000,10/20/2022
125,Laura Green,Marketing,57000,1/25/2022
126,David Brown,Engineering,72000,2/15/2018
127,Jessica Scott,Sales,50000,3/15/2022
128,Emily King,Marketing,58000,12/5/2022
129,James Taylor,Engineering,73000,5/5/2019
130,Patricia Anderson,Sales,51000,7/25/2022
131,Michael White,Marketing,59000,11/25/2022
132,Nancy Young,Engineering,74000,9/5/2018
133,Jessica Brown,Sales,52000,4/1/2022
134,David Johnson,Marketing,60000,10/15/2022
135,Emily Anderson,Engineering,75000,1/10/2019
136,James Miller,Sales,53000,8/5/2022
137,Barbara Davis,Marketing,58000,11/15/2022
138,Michael Wilson,Engineering,71000,6/15/2018
139,Nancy Moore,Sales,49000,2/25/2022
140,Laura Scott,Marketing,57000,9/5/2022
141,James Clark,Engineering,72000,11/5/2018
142,Emily Thompson,Sales,50000,10/10/2022
143,David Smith,Marketing,58000,4/15/2022
144,Jessica White,Engineering,73000,6/15/2019
145,Michael Taylor,Sales,51000,12/10/2022
146,Barbara Moore,Marketing,59000,5/25/2022
147,James Adams,Engineering,74000,7/25/2018
148,Nancy Davis,Sales,52000,1/20/2022
149,Emily Lewis,Marketing,60000,7/20/2022
150,David Young,Engineering,75000,2/1/2019
151,Laura Roberts,Sales,53000,9/5/2022
152,Jessica Wilson,Marketing,57000,6/1/2022
153,James Johnson,Engineering,71000,10/10/2018
154,Michael Green,Sales,49000,11/5/2022
155,Emily Martinez,Marketing,56000,3/15/2022
156,David Wilson,Engineering,72000,4/1/2018
157,Barbara Thompson,Sales,50000,1/5/2022
158,Nancy Clark,Marketing,57000,2/20/2022
159,James Brown,Engineering,73000,7/1/2019
160,Emily Harris,Sales,51000,9/10/2022
161,Michael Lewis,Marketing,59000,6/10/2022
162,Laura Johnson,Engineering,74000,5/10/2018
163,David Martinez,Sales,52000,7/5/2022
164,Jessica King,Marketing,60000,10/5/2022
165,James White,Engineering,75000,8/10/2019
166,Nancy Wilson,Sales,53000,3/10/2022
167,Emily Adams,Marketing,58000,4/1/2022
168,Michael Harris,Engineering,71000,12/10/2018
169,David Green,Sales,49000,6/15/2022
170,Laura Thompson,Marketing,57000,11/1/2022
171,James Scott,Engineering,72000,3/10/2018
172,Emily Brown,Sales,50000,7/15/2022
173,Michael Clark,Marketing,58000,12/1/2022
174,Nancy Johnson,Engineering,73000,10/5/2019
175,David White,Sales,51000,5/25/2022
176,Laura Lewis,Marketing,59000,9/1/2022
177,James Davis,Engineering,74000,2/5/2018
178,Emily Taylor,Sales,52000,10/25/2022
179,Michael Smith,Marketing,60000,1/10/2022
180,Nancy Moore,Engineering,75000,11/1/2019
181,David Wilson,Sales,53000,8/1/2022
182,Laura King,Marketing,57000,4/10/2022
183,James Martinez,Engineering,71000,1/25/2018
184,Emily Roberts,Sales,49000,12/15/2022
185,Michael Davis,Marketing,58000,6/25/2022
186,Nancy Taylor,Engineering,72000,11/20/2018
187,David Scott,Sales,50000,4/5/2022
188,Laura Moore,Marketing,57000,2/1/2022
189,James Young,Engineering,73000,7/20/2019
190,Emily Johnson,Sales,51000,9/20/2022
191,Michael Martinez,Marketing,59000,3/1/2022
192,Nancy White,Engineering,74000,10/15/2018
193,David King,Sales,52000,7/10/2022
194,Laura Green,Marketing,60000,1/5/2022
195,James Clark,Engineering,75000,2/20/2019
196,Emily Taylor,Sales,53000,6/10/2022
197,Michael Lewis,Marketing,56000,12/5/2022
198,Nancy Anderson,Engineering,71000,5/20/2018
199,David Thompson,Sales,49000,9/15/2022
200,Laura Scott,Marketing,57000,11/20/2022
